{"loss": [2.273623466491699, 2.051422357559204, 1.9042727947235107, 1.7393499612808228, 1.7123453617095947, 1.6359676122665405, 1.5315057039260864, 1.4737749099731445, 1.6620397567749023, 1.4383386373519897], "categorical_accuracy": [0.25312501192092896, 0.2593750059604645, 0.3187499940395355, 0.3375000059604645, 0.3687500059604645, 0.3687500059604645, 0.4124999940395355, 0.44062501192092896, 0.3388157784938812, 0.43437498807907104], "val_loss": [2.242440700531006, 2.0582501888275146, 1.934498906135559, 1.8383923768997192, 1.8019356727600098, 1.7344942092895508, 1.7337241172790527, 1.6521928310394287, 1.6095308065414429, 1.5668151378631592], "val_categorical_accuracy": [0.23916666209697723, 0.2758333384990692, 0.3050000071525574, 0.3100000023841858, 0.3383333384990692, 0.34833332896232605, 0.36500000953674316, 0.3858333230018616, 0.4008333384990692, 0.4033333361148834]}