{"loss": [1.483885407447815, 1.2662334442138672, 1.190491795539856, 1.1305689811706543, 1.092012643814087, 1.0433707237243652, 1.0114058256149292, 0.9797694087028503, 0.9554691314697266, 0.9253330230712891, 0.9088628888130188, 0.8851616382598877, 0.8643252849578857, 0.8326563239097595, 0.8169189095497131, 0.7994154095649719, 0.7697535753250122, 0.7420335412025452, 0.7359738349914551, 0.7177455425262451, 0.7045722603797913, 0.6880903840065002, 0.6773582696914673, 0.6669832468032837, 0.6509339809417725, 0.6329293251037598, 0.6206971406936646, 0.6167857646942139, 0.5876856446266174, 0.5785257816314697], "acc": [0.2887499928474426, 0.41874998807907104, 0.4699999988079071, 0.5054166913032532, 0.5262500047683716, 0.5458333492279053, 0.5766666531562805, 0.6054166555404663, 0.6166666746139526, 0.6274999976158142, 0.6379166841506958, 0.6495833396911621, 0.653333306312561, 0.6837499737739563, 0.6850000023841858, 0.6966666579246521, 0.7124999761581421, 0.7237499952316284, 0.731249988079071, 0.7412499785423279, 0.7420833110809326, 0.7599999904632568, 0.7583333253860474, 0.7691666483879089, 0.7737500071525574, 0.7925000190734863, 0.7925000190734863, 0.7883333563804626, 0.8087499737739563, 0.815833330154419], "val_loss": [1.2545140981674194, 1.1642563343048096, 1.1109503507614136, 1.0744948387145996, 1.0437219142913818, 1.0114666223526, 0.9943243265151978, 0.9733838438987732, 0.9500311017036438, 0.9326522350311279, 0.9180921912193298, 0.9040660858154297, 0.8874446153640747, 0.8744891881942749, 0.8712983727455139, 0.8507732152938843, 0.8385089039802551, 0.8278905749320984, 0.8166505694389343, 0.8046753406524658, 0.7974392175674438, 0.7891855835914612, 0.7812638878822327, 0.7728914618492126, 0.7633519768714905, 0.7523084878921509, 0.7514356970787048, 0.7545283436775208, 0.7332968711853027, 0.724833071231842], "val_acc": [0.4325000047683716, 0.5099999904632568, 0.5587499737739563, 0.5799999833106995, 0.5899999737739563, 0.6012499928474426, 0.606249988079071, 0.6150000095367432, 0.6237499713897705, 0.6299999952316284, 0.6387500166893005, 0.6462500095367432, 0.6399999856948853, 0.6600000262260437, 0.6737499833106995, 0.6662499904632568, 0.6800000071525574, 0.675000011920929, 0.6812499761581421, 0.6850000023841858, 0.6912500262260437, 0.6987500190734863, 0.7024999856948853, 0.706250011920929, 0.7087500095367432, 0.7137500047683716, 0.7149999737739563, 0.7162500023841858, 0.7362499833106995, 0.7275000214576721]}